Globally_unique_identifier,Group_key,Names_in_language_N,Definitions_in_language_N,Status,Date_of_creation,Date_of_activation,Date_of_last_change,Date_of_revision,Date_of_version,Date_of_deactivation,Version_number,Revision_number,List_of_replaced_groups_of_properties,List_of_replacing_groups_of_properties,Deprecation_explanation,Relation_of_the_group_of_properties_identifiers_in_the_interconnected_data_dictionaries,Creators_language,Visual_representation,Country_of_use,Subdivision_of_use,Country_of_origin,Category_of_group_of_properties,Parent_group_of_properties
,,,,,,,,,,,,,,,,,,,,,,,
,,,,,,,,,,,,,,,,,,,,,,,
,,,,,,,,,,,,,,,,,,,,,,,
,,,,,,,,,,,,,,,,,,,,,,,
,,,,,,,,,,,,,,,,,,,,,,,
,,,,,,,,,,,,,,,,,,,,,,,
,,,,,,,,,,,,,,,,,,,,,,,
,,,,,,,,,,,,,,,,,,,,,,,
,,,,,,,,,,,,,,,,,,,,,,,
,,,,,,,,,,,,,,,,,,,,,,,
,,,,,,,,,,,,,,,,,,,,,,,
,,,,,,,,,,,,,,,,,,,,,,,
,,,,,,,,,,,,,,,,,,,,,,,
,,,,,,,,,,,,,,,,,,,,,,,
,,,,,,,,,,,,,,,,,,,,,,,
,,,,,,,,,,,,,,,,,,,,,,,
,,,,,,,,,,,,,,,,,,,,,,,
,,,,,,,,,,,,,,,,,,,,,,,
,,,,,,,,,,,,,,,,,,,,,,,
,,,,,,,,,,,,,,,,,,,,,,,
,,,,,,,,,,,,,,,,,,,,,,,
,,,,,,,,,,,,,,,,,,,,,,,
